[
    {
        "type": "text",
        "text": "2 & 3 BHK Homes-Lohegaon ",
        "page_idx": 0
    },
    {
        "type": "text",
        "text": "Annexure A ",
        "text_level": 1,
        "page_idx": 0
    },
    {
        "type": "text",
        "text": "Disclosure of Interest in Other Real Estate Organizations ",
        "text_level": 1,
        "page_idx": 0
    },
    {
        "type": "text",
        "text": "<Every Director/Designated Partner/Partner/Proprietor of the promoter. Organization shall submit the following declaration, which shall be in public view> ",
        "page_idx": 0
    },
    {
        "type": "text",
        "text": "1. Name: Mr. / Mrs. ASHOK RAJENDRAPRASAD AGARWAL ",
        "text_level": 1,
        "page_idx": 0
    },
    {
        "type": "text",
        "text": "2. DIN/DPIN (If applicable): 05018505 ",
        "page_idx": 0
    },
    {
        "type": "text",
        "text": "3. Are you a Director/ Designated Partner/Partner/Proprietor of any Organization whose real estate project is registered with any Real Estate Regulatory Authority (RERA) across the country? . ",
        "page_idx": 0
    },
    {
        "type": "text",
        "text": "If yes, please provide the following information: ",
        "page_idx": 0
    },
    {
        "type": "table",
        "img_path": "images/4f1af50e7a8e41eec24e6dd136dd5efbd2c604ef119d403f8509109acbfc488a.jpg",
        "table_caption": [],
        "table_footnote": [],
        "table_body": "\n\n<html><body><table><tr><td>Sr No.</td><td>Name of organization:</td><td>Address:</td><td>RERA Registration Number of each of the registered projects:</td></tr><tr><td>1.</td><td>M/s. Krishna Buildcon</td><td>Choice Group, Road No. 8, Adarsh Colony Tingre Nagar, Pune - 411032 Choice Group, Road No.8 ,</td><td>P52100051011</td></tr><tr><td>2.</td><td>M/s. Choice Lifestyle</td><td>Adarsh Colony Tingre Nagar, Pune - 411032</td><td>P52100046076</td></tr><tr><td>3</td><td>M/s. Shrikrishna Realtors</td><td>Choice Group, Road No. 8, Adarsh Colony Tingre Nagar, Pune - 411032</td><td>P52100076956</td></tr><tr><td>4 CHOICE GROUP LLPROJECTS</td><td>MdAoelngue Choice Associate GARG SKYRISE BUILDCON SPACES INFINITE POSSIBILITIES</td><td>Uniqu Corporate ry1DfpRe.No.7,4th Floor, presates@chotcegoodwll.com www.choicegoodwill.com</td><td>ropeqtgeveapnharMov9aShTalukaHaveli,Lohegaon,Pune411047 P52100046034</td></tr></table></body></html>\n\n",
        "page_idx": 0
    },
    {
        "type": "text",
        "text": "2 & 3 BHK Homes-Lohegaon ",
        "page_idx": 1
    },
    {
        "type": "table",
        "img_path": "images/2be0fe71c538c008b99666eb0b033163fa080a866c0ad78b6184adfb34b3d736.jpg",
        "table_caption": [],
        "table_footnote": [],
        "table_body": "\n\n<html><body><table><tr><td></td><td>LLP</td><td>Bund Garden Road,Above HSBC Bank, Near Inox Pune. 411001</td><td></td></tr><tr><td>5.</td><td>M/s.NYSHAA BUILDERS LLP</td><td>Nyati Empress Nagar Road Pune</td><td>P52100022492</td></tr></table></body></html>\n\n",
        "page_idx": 1
    },
    {
        "type": "text",
        "text": "4. Status of the Real Estate Projects mentioned at point 3 above ",
        "page_idx": 1
    },
    {
        "type": "table",
        "img_path": "images/b0be2480ccb23a8461101e472db2a74bb341ffd10ff848647111932c8b510f69.jpg",
        "table_caption": [],
        "table_footnote": [],
        "table_body": "\n\n<html><body><table><tr><td>Sr No</td><td>RERA Registration Number</td><td>Proposed Date of Completion</td><td>Any Complaints pending against the project in RERA if yes, the Complaint Number</td><td>Any Warrants issued against the projects by RERA</td><td>Has the project been revoked by RERA? (Yes /No)</td></tr><tr><td>1.</td><td>P52100051011</td><td>31/12/2026</td><td>NO</td><td>(Yes / No) NO</td><td>NO</td></tr><tr><td>2.</td><td>P52100046076</td><td>31/05/2026</td><td>NO</td><td>NO</td><td>NO</td></tr><tr><td>3.</td><td>P52100076956</td><td>31/ 03/2025</td><td>NO</td><td>NO</td><td>NO</td></tr><tr><td>4.</td><td>P52100046034</td><td>31/12/2026</td><td>NO</td><td>NO</td><td>NO</td></tr><tr><td>5.</td><td>P52100022492</td><td>30/09/2024</td><td>NO</td><td>NO</td><td>NO</td></tr></table></body></html>\n\n",
        "page_idx": 1
    },
    {
        "type": "image",
        "img_path": "images/107dbe67742347a411c7763bdd489b504270a4843bb9cdff58d55571bcc4b144.jpg",
        "img_caption": [],
        "img_footnote": [],
        "page_idx": 1
    },
    {
        "type": "text",
        "text": "(Signature) ",
        "text_level": 1,
        "page_idx": 1
    },
    {
        "type": "text",
        "text": "Date: - 08/08/2024 ",
        "page_idx": 1
    },
    {
        "type": "text",
        "text": "MR / MRS. ASHOK RAJENDRAPRASAD AGARWAL ",
        "page_idx": 1
    },
    {
        "type": "text",
        "text": "PARTNER Place: Pune ",
        "page_idx": 1
    }
]