[
    {
        "layout_dets": [
            {
                "category_id": 1,
                "poly": [
                    318.54840087890625,
                    1020.8080444335938,
                    1088.7216796875,
                    1020.8080444335938,
                    1088.7216796875,
                    1061.4166259765625,
                    318.54840087890625,
                    1061.4166259765625
                ],
                "score": 0.9999923706054688
            },
            {
                "category_id": 1,
                "poly": [
                    220.22056579589844,
                    822.4456787109375,
                    1456.7698974609375,
                    822.4456787109375,
                    1456.7698974609375,
                    979.0341186523438,
                    220.22056579589844,
                    979.0341186523438
                ],
                "score": 0.9999815821647644
            },
            {
                "category_id": 1,
                "poly": [
                    173.5154266357422,
                    501.072021484375,
                    1423.4825439453125,
                    501.072021484375,
                    1423.4825439453125,
                    651.3719482421875,
                    173.5154266357422,
                    651.3719482421875
                ],
                "score": 0.9999771118164062
            },
            {
                "category_id": 1,
                "poly": [
                    206.78173828125,
                    257.0225830078125,
                    640.3092651367188,
                    257.0225830078125,
                    640.3092651367188,
                    292.4144287109375,
                    206.78173828125,
                    292.4144287109375
                ],
                "score": 0.9999709129333496
            },
            {
                "category_id": 2,
                "poly": [
                    145.47305297851562,
                    70.87703704833984,
                    703.9151611328125,
                    70.87703704833984,
                    703.9151611328125,
                    232.87892150878906,
                    145.47305297851562,
                    232.87892150878906
                ],
                "score": 0.9999669790267944
            },
            {
                "category_id": 1,
                "poly": [
                    221.96092224121094,
                    762.0438232421875,
                    862.6874389648438,
                    762.0438232421875,
                    862.6874389648438,
                    799.6015625,
                    221.96092224121094,
                    799.6015625
                ],
                "score": 0.9999361038208008
            },
            {
                "category_id": 5,
                "poly": [
                    174.2670135498047,
                    1100.6649169921875,
                    1546.575927734375,
                    1100.6649169921875,
                    1546.575927734375,
                    2042.7913818359375,
                    174.2670135498047,
                    2042.7913818359375
                ],
                "score": 0.9997221231460571,
                "html": "<html><body><table><tr><td>Sr No.</td><td>Name of organization:</td><td>Address:</td><td>RERA Registration Number of each of the registered projects:</td></tr><tr><td>1.</td><td>M/s. Krishna Buildcon</td><td>Choice Group, Road No. 8, Adarsh Colony Tingre Nagar, Pune - 411032 Choice Group, Road No.8 ,</td><td>P52100051011</td></tr><tr><td>2.</td><td>M/s. Choice Lifestyle</td><td>Adarsh Colony Tingre Nagar, Pune - 411032</td><td>P52100046076</td></tr><tr><td>3</td><td>M/s. Shrikrishna Realtors</td><td>Choice Group, Road No. 8, Adarsh Colony Tingre Nagar, Pune - 411032</td><td>P52100076956</td></tr><tr><td>4 CHOICE GROUP LLPROJECTS</td><td>MdAoelngue Choice Associate GARG SKYRISE BUILDCON SPACES INFINITE POSSIBILITIES</td><td>Uniqu Corporate ry1DfpRe.No.7,4th Floor, presates@chotcegoodwll.com www.choicegoodwill.com</td><td>ropeqtgeveapnharMov9aShTalukaHaveli,Lohegaon,Pune411047 P52100046034</td></tr></table></body></html>"
            },
            {
                "category_id": 0,
                "poly": [
                    725.8268432617188,
                    333.8439025878906,
                    933.1190795898438,
                    333.8439025878906,
                    933.1190795898438,
                    371.1036071777344,
                    725.8268432617188,
                    371.1036071777344
                ],
                "score": 0.9996803998947144
            },
            {
                "category_id": 0,
                "poly": [
                    326.3882141113281,
                    418.62774658203125,
                    1330.0018310546875,
                    418.62774658203125,
                    1330.0018310546875,
                    458.8208312988281,
                    326.3882141113281,
                    458.8208312988281
                ],
                "score": 0.9992574453353882
            },
            {
                "category_id": 0,
                "poly": [
                    227.45924377441406,
                    705.2825317382812,
                    1247.60595703125,
                    705.2825317382812,
                    1247.60595703125,
                    745.7797241210938,
                    227.45924377441406,
                    745.7797241210938
                ],
                "score": 0.9521152377128601
            },
            {
                "category_id": 1,
                "poly": [
                    226.92185974121094,
                    705.2648315429688,
                    1247.6754150390625,
                    705.2648315429688,
                    1247.6754150390625,
                    745.252685546875,
                    226.92185974121094,
                    745.252685546875
                ],
                "score": 0.21101343631744385
            },
            {
                "category_id": 15,
                "poly": [
                    317.0,
                    1022.0,
                    1088.0,
                    1022.0,
                    1088.0,
                    1061.0,
                    317.0,
                    1061.0
                ],
                "score": 0.98,
                "text": "If yes, please provide the following information:"
            },
            {
                "category_id": 15,
                "poly": [
                    268.0,
                    933.0,
                    1108.0,
                    933.0,
                    1108.0,
                    981.0,
                    268.0,
                    981.0
                ],
                "score": 0.99,
                "text": "Regulatory Authority (RERA) across the country? ."
            },
            {
                "category_id": 15,
                "poly": [
                    220.25,
                    823.5,
                    1348.25,
                    823.5,
                    1348.25,
                    862.5,
                    220.25,
                    862.5
                ],
                "score": 1.0,
                "text": "3. Are you a Director/ Designated Partner/Partner/Proprietor of any"
            },
            {
                "category_id": 15,
                "poly": [
                    267.75,
                    881.0,
                    1455.75,
                    881.0,
                    1455.75,
                    922.5,
                    267.75,
                    922.5
                ],
                "score": 1.0,
                "text": "Organization whose real estate project is registered with any Real Estate"
            },
            {
                "category_id": 15,
                "poly": [
                    169.0,
                    619.0,
                    269.0,
                    619.0,
                    269.0,
                    653.0,
                    169.0,
                    653.0
                ],
                "score": 0.88,
                "text": "view>"
            },
            {
                "category_id": 15,
                "poly": [
                    175.25,
                    505.5,
                    1353.25,
                    505.5,
                    1353.25,
                    543.5,
                    175.25,
                    543.5
                ],
                "score": 0.99,
                "text": "<Every Director/Designated Partner/Partner/Proprietor of the promoter."
            },
            {
                "category_id": 15,
                "poly": [
                    174.0,
                    565.0,
                    1422.0,
                    565.0,
                    1422.0,
                    601.0,
                    174.0,
                    601.0
                ],
                "score": 0.99,
                "text": "Organization shall submit the following declaration, which shall be in public"
            },
            {
                "category_id": 15,
                "poly": [
                    207.0,
                    258.0,
                    636.0,
                    258.0,
                    636.0,
                    291.0,
                    207.0,
                    291.0
                ],
                "score": 0.98,
                "text": "2 & 3 BHK Homes-Lohegaon"
            },
            {
                "category_id": 15,
                "poly": [
                    312.0,
                    78.0,
                    584.0,
                    78.0,
                    584.0,
                    110.0,
                    312.0,
                    110.0
                ],
                "score": 0.98,
                "text": "GOODWILL"
            },
            {
                "category_id": 15,
                "poly": [
                    317.0,
                    120.0,
                    690.0,
                    120.0,
                    690.0,
                    172.0,
                    317.0,
                    172.0
                ],
                "score": 1.0,
                "text": "ELEMENTS"
            },
            {
                "category_id": 15,
                "poly": [
                    406.0,
                    205.0,
                    695.0,
                    205.0,
                    695.0,
                    231.0,
                    406.0,
                    231.0
                ],
                "score": 0.97,
                "text": "LIFEBEYOND WALLS"
            },
            {
                "category_id": 15,
                "poly": [
                    222.0,
                    759.0,
                    858.0,
                    759.0,
                    858.0,
                    803.0,
                    222.0,
                    803.0
                ],
                "score": 1.0,
                "text": "2. DIN/DPIN (If applicable): 05018505"
            },
            {
                "category_id": 15,
                "poly": [
                    726.0,
                    335.0,
                    930.0,
                    335.0,
                    930.0,
                    368.0,
                    726.0,
                    368.0
                ],
                "score": 1.0,
                "text": "Annexure A"
            },
            {
                "category_id": 15,
                "poly": [
                    330.0,
                    420.5,
                    1326.0,
                    420.5,
                    1326.0,
                    452.5,
                    330.0,
                    452.5
                ],
                "score": 1.0,
                "text": "Disclosure of Interest in Other Real Estate Organizations"
            },
            {
                "category_id": 15,
                "poly": [
                    225.25,
                    708.5,
                    1244.25,
                    708.5,
                    1244.25,
                    739.5,
                    225.25,
                    739.5
                ],
                "score": 0.99,
                "text": "1. Name: Mr. / Mrs. ASHOK RAJENDRAPRASAD AGARWAL"
            },
            {
                "category_id": 15,
                "poly": [
                    224.25,
                    708.5,
                    1244.25,
                    708.5,
                    1244.25,
                    739.5,
                    224.25,
                    739.5
                ],
                "score": 0.98,
                "text": "1. Name: Mr. / Mrs. ASHOK RAJENDRAPRASAD AGARWAL"
            }
        ],
        "page_info": {
            "page_no": 0,
            "height": 2290,
            "width": 1606
        }
    },
    {
        "layout_dets": [
            {
                "category_id": 1,
                "poly": [
                    162.29188537597656,
                    1705.884521484375,
                    369.21624755859375,
                    1705.884521484375,
                    369.21624755859375,
                    1782.754150390625,
                    162.29188537597656,
                    1782.754150390625
                ],
                "score": 0.9999849200248718
            },
            {
                "category_id": 5,
                "poly": [
                    142.91864013671875,
                    691.6248779296875,
                    1542.4674072265625,
                    691.6248779296875,
                    1542.4674072265625,
                    1376.8511962890625,
                    142.91864013671875,
                    1376.8511962890625
                ],
                "score": 0.9999048113822937,
                "html": "<html><body><table><tr><td>Sr No</td><td>RERA Registration Number</td><td>Proposed Date of Completion</td><td>Any Complaints pending against the project in RERA if yes, the Complaint Number</td><td>Any Warrants issued against the projects by RERA</td><td>Has the project been revoked by RERA? (Yes /No)</td></tr><tr><td>1.</td><td>P52100051011</td><td>31/12/2026</td><td>NO</td><td>(Yes / No) NO</td><td>NO</td></tr><tr><td>2.</td><td>P52100046076</td><td>31/05/2026</td><td>NO</td><td>NO</td><td>NO</td></tr><tr><td>3.</td><td>P52100076956</td><td>31/ 03/2025</td><td>NO</td><td>NO</td><td>NO</td></tr><tr><td>4.</td><td>P52100046034</td><td>31/12/2026</td><td>NO</td><td>NO</td><td>NO</td></tr><tr><td>5.</td><td>P52100022492</td><td>30/09/2024</td><td>NO</td><td>NO</td><td>NO</td></tr></table></body></html>"
            },
            {
                "category_id": 5,
                "poly": [
                    211.46923828125,
                    327.7435302734375,
                    1541.150390625,
                    327.7435302734375,
                    1541.150390625,
                    583.8373413085938,
                    211.46923828125,
                    583.8373413085938
                ],
                "score": 0.9998883008956909,
                "html": "<html><body><table><tr><td></td><td>LLP</td><td>Bund Garden Road,Above HSBC Bank, Near Inox Pune. 411001</td><td></td></tr><tr><td>5.</td><td>M/s.NYSHAA BUILDERS LLP</td><td>Nyati Empress Nagar Road Pune</td><td>P52100022492</td></tr></table></body></html>"
            },
            {
                "category_id": 1,
                "poly": [
                    164.19131469726562,
                    1538.6051025390625,
                    549.27294921875,
                    1538.6051025390625,
                    549.27294921875,
                    1574.978271484375,
                    164.19131469726562,
                    1574.978271484375
                ],
                "score": 0.9998849630355835
            },
            {
                "category_id": 2,
                "poly": [
                    144.28909301757812,
                    70.68245697021484,
                    701.910888671875,
                    70.68245697021484,
                    701.910888671875,
                    230.7957000732422,
                    144.28909301757812,
                    230.7957000732422
                ],
                "score": 0.9995467066764832
            },
            {
                "category_id": 0,
                "poly": [
                    382.96990966796875,
                    1455.6602783203125,
                    582.809326171875,
                    1455.6602783203125,
                    582.809326171875,
                    1490.8951416015625,
                    382.96990966796875,
                    1490.8951416015625
                ],
                "score": 0.9985567927360535
            },
            {
                "category_id": 1,
                "poly": [
                    208.43051147460938,
                    255.7064208984375,
                    639.311767578125,
                    255.7064208984375,
                    639.311767578125,
                    291.58001708984375,
                    208.43051147460938,
                    291.58001708984375
                ],
                "score": 0.9970089197158813
            },
            {
                "category_id": 1,
                "poly": [
                    164.72711181640625,
                    1623.666015625,
                    1039.49853515625,
                    1623.666015625,
                    1039.49853515625,
                    1663.0628662109375,
                    164.72711181640625,
                    1663.0628662109375
                ],
                "score": 0.9891173839569092
            },
            {
                "category_id": 1,
                "poly": [
                    222.50852966308594,
                    613.1624755859375,
                    1280.5518798828125,
                    613.1624755859375,
                    1280.5518798828125,
                    652.9173583984375,
                    222.50852966308594,
                    652.9173583984375
                ],
                "score": 0.9849529266357422
            },
            {
                "category_id": 2,
                "poly": [
                    98.33030700683594,
                    1862.5205078125,
                    1519.107421875,
                    1862.5205078125,
                    1519.107421875,
                    2048.390869140625,
                    98.33030700683594,
                    2048.390869140625
                ],
                "score": 0.9163932204246521
            },
            {
                "category_id": 2,
                "poly": [
                    104.25733184814453,
                    1870.1796875,
                    682.341796875,
                    1870.1796875,
                    682.341796875,
                    2017.4012451171875,
                    104.25733184814453,
                    2017.4012451171875
                ],
                "score": 0.910436749458313
            },
            {
                "category_id": 3,
                "poly": [
                    210.71644592285156,
                    1395.619873046875,
                    359.45556640625,
                    1395.619873046875,
                    359.45556640625,
                    1481.55126953125,
                    210.71644592285156,
                    1481.55126953125
                ],
                "score": 0.8571580648422241
            },
            {
                "category_id": 15,
                "poly": [
                    161.0,
                    1706.0,
                    338.0,
                    1706.0,
                    338.0,
                    1741.0,
                    161.0,
                    1741.0
                ],
                "score": 1.0,
                "text": "PARTNER"
            },
            {
                "category_id": 15,
                "poly": [
                    161.0,
                    1746.0,
                    367.0,
                    1746.0,
                    367.0,
                    1782.0,
                    161.0,
                    1782.0
                ],
                "score": 1.0,
                "text": "Place: Pune"
            },
            {
                "category_id": 15,
                "poly": [
                    162.0,
                    1538.0,
                    292.0,
                    1538.0,
                    292.0,
                    1572.0,
                    162.0,
                    1572.0
                ],
                "score": 1.0,
                "text": "Date: -"
            },
            {
                "category_id": 15,
                "poly": [
                    322.0,
                    1538.0,
                    546.0,
                    1538.0,
                    546.0,
                    1575.0,
                    322.0,
                    1575.0
                ],
                "score": 1.0,
                "text": "08/08/2024"
            },
            {
                "category_id": 15,
                "poly": [
                    313.0,
                    78.0,
                    585.0,
                    78.0,
                    585.0,
                    111.0,
                    313.0,
                    111.0
                ],
                "score": 0.93,
                "text": "GOODWILL"
            },
            {
                "category_id": 15,
                "poly": [
                    316.0,
                    118.0,
                    692.0,
                    118.0,
                    692.0,
                    174.0,
                    316.0,
                    174.0
                ],
                "score": 1.0,
                "text": "ELEMENTS"
            },
            {
                "category_id": 15,
                "poly": [
                    405.0,
                    200.0,
                    696.0,
                    200.0,
                    696.0,
                    232.0,
                    405.0,
                    232.0
                ],
                "score": 0.95,
                "text": "LIFE BEYOND WALLS"
            },
            {
                "category_id": 15,
                "poly": [
                    388.0,
                    1454.0,
                    581.0,
                    1454.0,
                    581.0,
                    1494.0,
                    388.0,
                    1494.0
                ],
                "score": 1.0,
                "text": "(Signature)"
            },
            {
                "category_id": 15,
                "poly": [
                    207.0,
                    257.5,
                    635.0,
                    257.5,
                    635.0,
                    288.5,
                    207.0,
                    288.5
                ],
                "score": 0.97,
                "text": "2 & 3 BHK Homes-Lohegaon"
            },
            {
                "category_id": 15,
                "poly": [
                    164.0,
                    1626.5,
                    1036.0,
                    1626.5,
                    1036.0,
                    1658.5,
                    164.0,
                    1658.5
                ],
                "score": 1.0,
                "text": "MR / MRS. ASHOK RAJENDRAPRASAD AGARWAL"
            },
            {
                "category_id": 15,
                "poly": [
                    222.0,
                    613.0,
                    1276.0,
                    613.0,
                    1276.0,
                    652.0,
                    222.0,
                    652.0
                ],
                "score": 1.0,
                "text": "4. Status of the Real Estate Projects mentioned at point 3 above"
            },
            {
                "category_id": 15,
                "poly": [
                    325.0,
                    1862.0,
                    452.0,
                    1862.0,
                    452.0,
                    1897.0,
                    325.0,
                    1897.0
                ],
                "score": 1.0,
                "text": "A Project By"
            },
            {
                "category_id": 15,
                "poly": [
                    156.0,
                    1921.0,
                    259.0,
                    1921.0,
                    259.0,
                    1949.0,
                    156.0,
                    1949.0
                ],
                "score": 0.97,
                "text": "CHOICE"
            },
            {
                "category_id": 15,
                "poly": [
                    770.0,
                    1924.0,
                    921.0,
                    1924.0,
                    921.0,
                    1952.0,
                    770.0,
                    1952.0
                ],
                "score": 0.97,
                "text": "9441 12 4000"
            },
            {
                "category_id": 15,
                "poly": [
                    152.0,
                    1941.0,
                    261.0,
                    1941.0,
                    261.0,
                    1979.0,
                    152.0,
                    1979.0
                ],
                "score": 1.0,
                "text": "GROUP"
            },
            {
                "category_id": 15,
                "poly": [
                    371.0,
                    1939.0,
                    482.0,
                    1939.0,
                    482.0,
                    1979.0,
                    371.0,
                    1979.0
                ],
                "score": 1.0,
                "text": "GARG"
            },
            {
                "category_id": 15,
                "poly": [
                    104.0,
                    1974.0,
                    259.0,
                    1974.0,
                    259.0,
                    2003.0,
                    104.0,
                    2003.0
                ],
                "score": 0.98,
                "text": "GOODWLL PROJECTS"
            },
            {
                "category_id": 15,
                "poly": [
                    370.0,
                    1970.0,
                    481.0,
                    1970.0,
                    481.0,
                    1997.0,
                    370.0,
                    1997.0
                ],
                "score": 0.9,
                "text": "SPACES"
            },
            {
                "category_id": 15,
                "poly": [
                    501.0,
                    1962.0,
                    672.0,
                    1962.0,
                    672.0,
                    2012.0,
                    501.0,
                    2012.0
                ],
                "score": 0.91,
                "text": "SKYRISE BULDCON"
            },
            {
                "category_id": 15,
                "poly": [
                    766.0,
                    1964.0,
                    1073.0,
                    1964.0,
                    1073.0,
                    2003.0,
                    766.0,
                    2003.0
                ],
                "score": 0.98,
                "text": "presales@choicegoodwill.com"
            },
            {
                "category_id": 15,
                "poly": [
                    766.0,
                    2007.0,
                    1027.0,
                    2007.0,
                    1027.0,
                    2045.0,
                    766.0,
                    2045.0
                ],
                "score": 0.92,
                "text": "www.choicegoodwill.com"
            },
            {
                "category_id": 15,
                "poly": [
                    772.25,
                    1886.0,
                    1518.25,
                    1886.0,
                    1518.25,
                    1914.0,
                    772.25,
                    1914.0
                ],
                "score": 1.0,
                "text": "Choice developments, Sr No. 291/1, Taluka Haveli, Lohegaon, Pune 411047"
            },
            {
                "category_id": 15,
                "poly": [
                    326.0,
                    1864.0,
                    451.0,
                    1864.0,
                    451.0,
                    1896.0,
                    326.0,
                    1896.0
                ],
                "score": 1.0,
                "text": "A Project By"
            },
            {
                "category_id": 15,
                "poly": [
                    156.0,
                    1920.0,
                    258.0,
                    1920.0,
                    258.0,
                    1948.0,
                    156.0,
                    1948.0
                ],
                "score": 0.94,
                "text": "CHOICE"
            },
            {
                "category_id": 15,
                "poly": [
                    155.0,
                    1945.0,
                    258.0,
                    1945.0,
                    258.0,
                    1973.0,
                    155.0,
                    1973.0
                ],
                "score": 1.0,
                "text": "GROUP"
            },
            {
                "category_id": 15,
                "poly": [
                    374.0,
                    1936.0,
                    480.0,
                    1936.0,
                    480.0,
                    1979.0,
                    374.0,
                    1979.0
                ],
                "score": 1.0,
                "text": "GARG"
            },
            {
                "category_id": 15,
                "poly": [
                    106.0,
                    1976.0,
                    255.0,
                    1976.0,
                    255.0,
                    2000.0,
                    106.0,
                    2000.0
                ],
                "score": 0.99,
                "text": "GOODWLL PROJECTS"
            },
            {
                "category_id": 15,
                "poly": [
                    372.0,
                    1972.0,
                    477.0,
                    1972.0,
                    477.0,
                    1993.0,
                    372.0,
                    1993.0
                ],
                "score": 0.94,
                "text": "SPALES"
            },
            {
                "category_id": 15,
                "poly": [
                    504.0,
                    1966.0,
                    670.0,
                    1966.0,
                    670.0,
                    2007.0,
                    504.0,
                    2007.0
                ],
                "score": 0.99,
                "text": "SKYRISE BUILDCON"
            }
        ],
        "page_info": {
            "page_no": 1,
            "height": 2290,
            "width": 1606
        }
    }
]